tag,short_url,long_url
K-5 2023,https://eled.org/5869,https://wonderopolis.org/wonder/how-tall-is-the-washington-monument
K-5 2023,https://eled.org/5868,https://www.wonderopolis.org/wonder/How-Was-the-St.-Louis-Arch-Built
,https://eled.org/4225,https://www.naturalinquirer.org/UserFiles/File/sp_2.pdf
Crew,https://eled.org/4018,https://www.wvcarts.org/uploads/1/3/3/1/13312656/zoom_picturebook.pdf
K-5 2023,https://eled.org/3499,https://edgestudio.com/scripts/commercial/public-service-announcement-psa/
K-5 2023,https://eled.org/3453,https://www.earthrangers.com/EN/CA/podcast/episode-4/
K-5 2023,https://eled.org/3411,https://www.loc.gov/item/webcast-8810/
K-5 2023,https://eled.org/3227,https://www.wonderopolis.org/wonders
,https://eled.org/3169,http://badulrtesting2.com/
,https://eled.org/3168,http://badurltesting.com/
K-5 2023,https://eled.org/3030,https://www.wonderopolis.org/wonder/what-do-you-hunger-for
Flex Curriculum,https://eled.org/2699,https://simplebooklet.com/publish.php?wpKey=3k0QJLcVFvNea7LBG3ux2L#page=0
,https://eled.org/0248,https://www.kizoa.com/Video-Editor?gclid=EAIaIQobChMIyM28hsmC4wIVU1uGCh0stAzOEAAYAyAAEgKL2_D_BwE
,https://eled.org/0219,https://foodinsight.org/pesticide-101-infographic/
,https://eled.org/0127,https://www.peergrade.io/
,https://eled.org/0107,https://www.uexpress.com/tell-me-a-story/2000/10/15/el-sombreron-a-guatemalan-tale
